question,answer,explanation,difficulty
"Décrivez les trois stades otoscopiques de l’otite moyenne aiguë et leur prise en charge respective.",Les trois stades sont : 1) OMA congestive : tympan rouge vif ou rosée, triangle lumineux disparu, reliefs ossiculaires respectés. Prise en charge : pas d’antibiotiques, antalgiques seuls (traitement symptomatique). 2) OMA suppurée ou collectée : tympan bombant, disparition des reliefs ossiculaires. Prise en charge : antibiothérapie par voie générale (amoxicilline 8-10 jours). 3) OMA perforée : tympan rouge et perforé, otorrhée purulente. Prise en charge : soins locaux, antibiothérapie générale, antibiothérapie locale. Le document insiste sur l’adaptation du traitement au stade évolutif.,Le document détaille les trois stades et leurs prises en charge respectives.","Medium"
"Expliquez pourquoi l’OMA est particulièrement fréquente chez l’enfant de 6 mois à 3 ans.",Plusieurs facteurs anatomiques et immunologiques expliquent cette prédisposition : 1) La trompe d’Eustache chez l’enfant est plus courte, plus large et plus horizontale que chez l’adulte, favorisant le reflux des sécrétions rhinopharyngées vers l’oreille moyenne. 2) Les végétations adénoïdes (VA) sont volumineuses à cet âge et peuvent obstruer l’ostium de la trompe, perturbant son drainage et sa ventilation. 3) L’immaturité du système immunitaire rend l’enfant plus vulnérable aux infections virales et bactériennes. 4) Les infections rhinopharyngées fréquentes (crèche collective) sont des facteurs déclenchants. Le document mentionne : rhinopharyngite, VA, crèche collective, âge 6 mois-3 ans.,Le document mentionne les facteurs favorisants et la tranche d’âge.","Medium"
"Citez et expliquez les 5 objectifs pédagogiques de l’apprentissage sur l’OMA.",Les cinq objectifs sont : 1) Définir l’otite moyenne aiguë (OMA : inflammation aiguë d’origine infectieuse de la muqueuse des cavités de l’oreille moyenne). 2) Diagnostiquer une OMA (reconnaître les signes cliniques : otalgie, otorrhée, enfant grognon, fièvre, et l’aspect otoscopique). 3) Citer les facteurs favorisants (rhinopharyngite, crèche collective, conditions socio-économiques précaires, ATCD familiaux, tabagisme passif, infection virale). 4) Énoncer les formes cliniques (nourrisson/nouveau-né, adulte, barotraumatique, nécrosante, phlycténulaire). 5) Décrire les grandes lignes du traitement (antalgiques, DRP, antibiotiques, paracentèse selon le stade).,Le document liste les objectifs en introduction.","Easy"
"Un enfant de 2 ans se touche l’oreille, pleure, a une fièvre à 39°C. L’otoscopie montre un tympan bombant, rouge, sans reliefs visibles. Quel est le diagnostic et quel est le traitement ?",Le diagnostic est une OMA suppurée ou collectée (tympan bombant, disparition des reliefs ossiculaires). Le traitement comprend : 1) Antalgiques-antipyrétiques (paracétamol) pour soulager la douleur et la fièvre. 2) Antibiothérapie par voie générale (amoxicilline) pendant 8-10 jours. 3) Décongestionnants (DRP) pour favoriser le drainage tubaire. 4) Pas de paracentèse en première intention chez un enfant de 2 ans (réservée au nourrisson de moins de 3 mois ou échec thérapeutique). 5) Surveillance de l’évolution : amélioration des signes généraux en 48h-5j, normalisation du tympan en 8j. Le document précise : OMA suppurée ou collectée = ATB par voie générale.,Le document décrit l’OMA collectée et son traitement.","Medium"
"Un nourrisson de 2 mois présente une fièvre, une irritabilité, et pleure à l’alimentation. L’otoscopie montre un tympan bombant. Quelle est la particularité de l’OMA chez le nourrisson et quelle est l’indication spécifique ?",Particularités de l’OMA chez le nourrisson (2 mois) : habituellement bilatérale, signes non spécifiques (irritabilité, pleurs, main portée à l’oreille, troubles digestifs : vomissements, diarrhée, inappétence, insomnie), fièvre, possible otorrhée. Chez le nourrisson de moins de 3 mois, l’indication spécifique est la paracentèse (en plus de l’antibiothérapie générale) car le risque de complications est plus élevé et le terrain plus fragile. La paracentèse permet un prélèvement bactériologique et un soulagement rapide. Le document précise : OMA chez le nourrisson et le nouveau-né : habituellement bilatérale ; Paracentèse : chez le nourrisson moins de 3 mois.,Le document détaille l’OMA du nourrisson et l’indication de paracentèse avant 3 mois.","Difficult"
"Quelles sont les complications de l’OMA citées dans le document ? Classez-les par système.",Les complications se répartissent en : 1) Complications locorégionales : mastoïdite (inflammation de l’apophyse mastoïde), labyrinthite (atteinte de l’oreille interne), paralysie faciale (atteinte du nerf VII par extension de l’inflammation), thrombophlébite (thrombose des veines péri-auriculaires ou du sinus latéral). 2) Complications intracrâniennes : méningite, abcès cérébral, encéphalite. 3) Complications fonctionnelles : otite séro-muqueuse (OSM), otite récidivante favorisée par VA, allergie, RGO, déficit en fer. La labyrinthite est décrite comme une évolution possible en l’absence de traitement de toute OMA. Le document cite toutes ces complications.,Le document liste les complications.","Medium"
"Comparez l’OMA congestive et l’OMA collectée sur les plans clinique, otoscopique et thérapeutique.",OMA congestive : clinique : otalgie par paroxysme, fièvre, enfant grognon, pas d’otorrhée. Otoscopie : tympan rouge vif ou rosée, triangle lumineux disparu, reliefs ossiculaires respectés. Traitement : pas d’antibiotiques, antalgiques seuls (traitement symptomatique). OMA collectée : clinique : mêmes signes généraux mais plus intenses, douleur plus sévère. Otoscopie : tympan bombant, disparition des reliefs ossiculaires (aspect de collection purulente sous pression). Traitement : antibiotiques par voie générale (amoxicilline 8-10 jours) + antalgiques + DRP. La distinction est capitale car l’OMA congestive ne justifie pas d’antibiothérapie (souvent virale) alors que l’OMA collectée est bactérienne et nécessite des antibiotiques.,Le document décrit les deux stades et leurs traitements.","Medium"
"Un patient adulte se plaint d’une otalgie brutale après un vol en avion. À l’otoscopie, on note un épanchement sérohématique de la caisse. Quel est le diagnostic et quel est le mécanisme ?",Le diagnostic est une otite barotraumatique. Le mécanisme est lié aux variations brutales de pression atmosphérique lors du décollage ou de l’atterrissage (ou plongée sous-marine). Si la trompe d’Eustache ne s’ouvre pas correctement pour équilibrer les pressions de part et d’autre du tympan, il se crée une dépression dans l’oreille moyenne. Cela entraîne une rétraction du tympan, une vasodilatation, une transsudation (épanchement séreux) et des lésions vasculaires (épanchement sérohématique). Les signes : douleur aiguë, sensation d’oreille bouchée, hypoacousie. Le traitement est préventif (manœuvres d’équilibration), curatif : antalgiques, DRP, rarement paracentèse. Le document cite : Otite barotraumatique : Accident professionnel (plongée sous-marine), douleur aiguë, épanchement séreux ou sérohématique de la caisse.,Le document décrit l’otite barotraumatique.","Medium"
"Quels sont les diagnostics différentiels de l’OMA basés sur l’aspect de la membrane tympanique et le calibre du MAE ?",Les diagnostics différentiels sont : 1) Otite externe : inflammation du conduit auditif externe (MAE), douleur à la traction du pavillon, MAE sténosé, tympan normal ou non visible. 2) Myringite aiguë : inflammation isolée de la membrane tympanique (tympan rouge) sans atteinte de l’oreille moyenne, pas d’épanchement rétrotympanique. 3) Otite séreuse (otite séro-muqueuse) : liquide derrière le tympan (niveau hydro-aérique) avec reliefs ossiculaires visibles et tympan non bombant (contrairement à l’OMA collectée). Le document cite ces trois diagnostics différentiels.,Le document liste les diagnostics différentiels.","Medium"
"Expliquez la place de la paracentèse dans le traitement de l’OMA, selon les indications du document.",La paracentèse (incision du tympan) a quatre indications principales : 1) Nourrisson de moins de 3 mois (terrain fragile, risque de complications, besoin de diagnostic bactériologique). 2) OMA hyperalgique (douleur intense non soulagée par les antalgiques). 3) OMA hyperfébrile (fièvre très élevée malgré antipyrétiques). 4) Échec du traitement antibiotique bien conduit (persistance des signes après 48-72h d’antibiotiques adaptés). 5) Formes compliquées (mastoïdite, paralysie faciale, méningite). La paracentèse permet : le prélèvement bactériologique (adaptation de l’antibiothérapie), le drainage du pus (soulagement rapide de la douleur), la prévention des complications. Le document précise : Paracentèse : prélèvement - traitement, indications claires.,Le document mentionne la paracentèse et ses indications.","Medium"
"Un enfant de 4 ans est traité par amoxicilline pour une OMA collectée. Au 5e jour, il persiste une fièvre et une otalgie. Quelle est l’hypothèse à évoquer et quelle est la conduite à tenir ?",L’hypothèse à évoquer est un échec thérapeutique, dont la première cause est un PSDP (Pneumocoque de sensibilité diminuée à la pénicilline) ou une autre bactérie résistante (Haemophilus producteur de bêta-lactamase, Moraxella). La conduite à tenir : 1) Réévaluation clinique (recherche de complications : mastoïdite, méningite). 2) Prélèvement bactériologique si possible (paracentèse ou prélèvement d’otorrhée). 3) Modifier l’antibiothérapie : remplacer l’amoxicilline par Amoxiclav (amoxicilline + acide clavulanique actif sur les bêta-lactamases) ou céphalosporine de 3e génération. 4) Discuter la paracentèse (indication d’échec thérapeutique). 5) Rechercher une complication locorégionale (imagerie). Le document indique : Echec : suspecter PSDP.,Le document mentionne l’échec et le PSDP.","Difficult"
"Quels sont les facteurs favorisants de l’OMA et lesquels sont spécifiques à l’enfant ?",Facteurs favorisants généraux : rhinopharyngite (dysfonctionnement tubaire), infection virale, conditions socio-économiques précaires, tabagisme passif, antécédents familiaux d’otite moyenne. Facteurs spécifiques à l’enfant : âge (6 mois-3 ans), crèche collective (exposition virale intense), hypertrophie des végétations adénoïdes (VA) obstruant la trompe d’Eustache, brièveté et horizontalité de la trompe d’Eustache, immaturité immunitaire. Le document cite ces facteurs. L’adulte a moins de facteurs favorisants, l’OMA y est rare.,Le document liste les facteurs favorisants.","Medium"
"Un enfant présente une OMA avec perforation tympanique et otorrhée purulente. Décrivez le traitement complet selon le document.",Le traitement de l’OMA perforée comporte trois volets : 1) Soins locaux : nettoyage du conduit auditif externe (détersion) pour évacuer le pus, séchage. 2) Antibiothérapie locale : gouttes auriculaires antibiotiques (éviter les ototoxiques si perforation ? le document ne précise pas la contre-indication mais mentionne ATB local). 3) Antibiothérapie générale : amoxicilline (ou autre) par voie orale pendant 8-10 jours. 4) Antalgiques-antipyrétiques (paracétamol). 5) DRP (décongestionnants) pour favoriser le drainage tubaire. 6) Surveillance : disparition de l’otorrhée en 48h-5j, cicatrisation du tympan. Éviter les instillation d’alcool ou produits irritants. Le document précise : Perforée : soins locaux, ATB général, ATB local.,Le document détaille le traitement de l’OMA perforée.","Medium"
"Pourquoi l’OMA est-elle une cause fréquente de prescription d’antibiotiques et quel est le risque ?",L’OMA est fréquente (pathologie du jeune enfant, 50% des enfants ont eu au moins 2 épisodes avant 3 ans), et historiquement tout épisode d’OMA était systématiquement traité par antibiotiques. Cela a conduit à une pression de sélection énorme sur les bactéries, favorisant l’émergence de souches résistantes : pneumocoque (PSDP), Haemophilus producteur de bêta-lactamase, Moraxella résistante. Le document mentionne : résistance aux ATB et PSDP. Actuellement, la politique est plus restrictive : seules les OMA collectées/perforées reçoivent des antibiotiques, les OMA congestives (souvent virales) n’en reçoivent pas, afin de limiter la résistance. Le document indique : Avant 3 ans, 50% des enfants auront eu au moins 2 épisodes. Gravité : complications, résistance aux ATB.,Le document mentionne la fréquence et la résistance.","Medium"
"Quels sont les signes cliniques de l’OMA chez le nourrisson, souvent non spécifiques ?",Chez le nourrisson (et le nouveau-né), les signes d’OMA sont souvent non spécifiques et peuvent mimer d’autres pathologies : irritabilité (enfant grognon), pleurs incessants, main portée à l’oreille (signe évocateur mais pas constant), troubles digestifs (vomissements, diarrhée, inappétence), insomnie (enfant qui ne dort pas), fièvre (parfois élevée), otorrhée purulente (signe de perforation). L’absence d’otalgie typique rend le diagnostic plus difficile, d’où l’importance de l’otoscopie systématique devant tout tableau fébrile ou digestif inexpliqué chez le nourrisson. Le document précise : OMA chez le nourrisson et le nouveau-né : signes décrits.,Le document décrit l’OMA du nourrisson.","Medium"
"Expliquez l’intérêt de l’otoscopie dans le diagnostic de l’OMA.",L’otoscopie est l’examen clé du diagnostic de l’OMA, permettant de : 1) Visualiser l’aspect du tympan : couleur (rouge vif/congestive, bombant/suppurée), transparence, présence d’un niveau hydro-aérique, perforation. 2) Apprécier le stade évolutif (congestive, collectée, perforée). 3) Éliminer un diagnostic différentiel (otite externe : MAE sténosé ; myringite : tympan rouge sans épanchement ; otite séreuse : niveau liquide). 4) Rechercher des complications (rétraction, cholestéatome). 5) Guider le traitement (pas d’ATB si congestive, ATB si collectée). Chez le nourrisson, l’otoscopie est systématique devant tout tableau fébrile. Le document insiste sur l’otoscopie systématique chez le nourrisson.,Le document mentionne l’otoscopie systématique et les aspects otoscopiques.","Medium"
"Quelle est l’évolution naturelle (sans traitement) de l’OMA selon le document ?",L’évolution naturelle de l’OMA est favorable dans la majorité des cas. Le document précise : Évolution spontanée : favorable. Cependant, cette évolution favorable n’est pas constante : en l’absence de traitement, une OMA peut évoluer vers la perforation tympanique (otorrhée) puis la cicatrisation, mais aussi vers des complications graves : mastoïdite, labyrinthite (évolution en absence de traitement de toute OMA), paralysie faciale, méningite, abcès, encéphalite, OSM (otite séro-muqueuse), otite récidivante, thrombophlébite. Le traitement antibiotique vise à prévenir ces complications. La distinction OMA congestive (souvent virale, ne nécessite pas d’ATB) vs collectée (bactérienne) est donc cruciale.,Le document mentionne l’évolution spontanée favorable mais liste les complications possibles.","Medium"